,z,Top epsilon_x,Top epsilon_y,Top gamma_xy,Bottom epsilon_x,Bottom epsilon_y,Bottom gamma_xy
0,0,1182.96800231934,254.337005615234,0,1182.96800231934,254.337005615234,0
1,1,1182.96800231934,254.337005615234,0,1182.96800231934,254.337005615234,0
2,2,1182.96800231934,254.337005615234,0,1182.96800231934,254.337005615234,0
3,3,1182.96800231934,254.337005615234,0,1182.96800231934,254.337005615234,0
4,4,1182.96800231934,254.337005615234,0,1182.96800231934,254.337005615234,0
5,5,1182.96800231934,254.337005615234,0,1182.96800231934,254.337005615234,0
6,6,1182.96800231934,254.337005615234,0,1182.96800231934,254.337005615234,0
7,7,1182.96800231934,254.337005615234,0,1182.96800231934,254.337005615234,0
